"","weekday_first_stop","total_margin"
"1","Dienstag",29.52843760455
"2","Donnerstag",27.5715897806265
"3","Freitag",28.4418380462725
"4","Mittwoch",28.9128295104416
"5","Montag",26.9863511029412
"6","Samstag",31.0802491755222
"7","Sonntag",64.7575534266765
