"","weekday_last_stop","total_margin"
"1","Dienstag",27.185601654388
"2","Donnerstag",27.516654465593
"3","Freitag",29.6311323256431
"4","Mittwoch",29.8165229075463
"5","Montag",27.5351164644407
"6","Samstag",34.337679705784
"7","Sonntag",78.1182943603851
